<?xml version="1.0" encoding="UTF-8"?>
<DocSetNodes version="1.0">
    <TOC>
        <Node type="folder">
            <Name>Optimizely</Name>
            <Path>index.html</Path>
			<Subnodes>
                
				
				<Node type="folder">
					<Name>Classes</Name>
					<Path>index.html</Path>
					<Subnodes>
						<NodeRef refid="1"/>
						<NodeRef refid="2"/>
						<NodeRef refid="3"/>
						<NodeRef refid="4"/>
						<NodeRef refid="5"/>
						
					</Subnodes>
				</Node>
				
				
                
				<Node>
					<Name>Protocols</Name>
					<Path>index.html</Path>
					<Subnodes>
						<NodeRef refid="6"/>
						
					</Subnodes>
				</Node>
				
                
				<Node>
					<Name>Constants</Name>
					<Path>index.html</Path>
					<Subnodes>
						<NodeRef refid="7"/>
						<NodeRef refid="8"/>
						<NodeRef refid="9"/>
						
					</Subnodes>
				</Node>
				
                
                <Node>
                    <Name>Blocks</Name>
                    <Path>index.html</Path>
                    <Subnodes>
                        <NodeRef refid="10"/>
                        
                    </Subnodes>
                </Node>
                
			</Subnodes>
        </Node>
    </TOC>
	<Library>
		
		<Node id="1" type="file" documentType="reference">
            <Name>Optimizely</Name>
            <Path>Classes/Optimizely.html</Path>
            
                <Subnodes>
                <Node type="section">
                    <Path>Classes/Optimizely.html</Path>
                    <Name>Overview</Name>
                    <Anchor>overview</Anchor>
                </Node>
                <Node type="section">
                    <Path>Classes/Optimizely.html</Path>
                    <Name>Tasks</Name>
                    <Anchor>tasks</Anchor>
                </Node>
                
                <Node type="section">
                    <Path>Classes/Optimizely.html</Path>
                    <Name>Properties</Name>
                    <Anchor>properties</Anchor>
                </Node>
                
                
                <Node type="section">
                    <Path>Classes/Optimizely.html</Path>
                    <Name>Class Methods</Name>
                    <Anchor>class_methods</Anchor>
                </Node>
                
                
                <Node type="section">
                    <Path>Classes/Optimizely.html</Path>
                    <Name>Instance Methods</Name>
                    <Anchor>instance_methods</Anchor>
                </Node>
                
            </Subnodes>
            
        </Node>
		<Node id="2" type="file" documentType="reference">
            <Name>OptimizelyCodeBlocksKey</Name>
            <Path>Classes/OptimizelyCodeBlocksKey.html</Path>
            
                <Subnodes>
                <Node type="section">
                    <Path>Classes/OptimizelyCodeBlocksKey.html</Path>
                    <Name>Overview</Name>
                    <Anchor>overview</Anchor>
                </Node>
                <Node type="section">
                    <Path>Classes/OptimizelyCodeBlocksKey.html</Path>
                    <Name>Tasks</Name>
                    <Anchor>tasks</Anchor>
                </Node>
                
                <Node type="section">
                    <Path>Classes/OptimizelyCodeBlocksKey.html</Path>
                    <Name>Properties</Name>
                    <Anchor>properties</Anchor>
                </Node>
                
                
                
            </Subnodes>
            
        </Node>
		<Node id="3" type="file" documentType="reference">
            <Name>OptimizelyDimension</Name>
            <Path>Classes/OptimizelyDimension.html</Path>
            
                <Subnodes>
                <Node type="section">
                    <Path>Classes/OptimizelyDimension.html</Path>
                    <Name>Overview</Name>
                    <Anchor>overview</Anchor>
                </Node>
                <Node type="section">
                    <Path>Classes/OptimizelyDimension.html</Path>
                    <Name>Tasks</Name>
                    <Anchor>tasks</Anchor>
                </Node>
                
                <Node type="section">
                    <Path>Classes/OptimizelyDimension.html</Path>
                    <Name>Properties</Name>
                    <Anchor>properties</Anchor>
                </Node>
                
                
                
            </Subnodes>
            
        </Node>
		<Node id="4" type="file" documentType="reference">
            <Name>OptimizelyExperimentData</Name>
            <Path>Classes/OptimizelyExperimentData.html</Path>
            
                <Subnodes>
                <Node type="section">
                    <Path>Classes/OptimizelyExperimentData.html</Path>
                    <Name>Overview</Name>
                    <Anchor>overview</Anchor>
                </Node>
                <Node type="section">
                    <Path>Classes/OptimizelyExperimentData.html</Path>
                    <Name>Tasks</Name>
                    <Anchor>tasks</Anchor>
                </Node>
                
                <Node type="section">
                    <Path>Classes/OptimizelyExperimentData.html</Path>
                    <Name>Properties</Name>
                    <Anchor>properties</Anchor>
                </Node>
                
                
                
            </Subnodes>
            
        </Node>
		<Node id="5" type="file" documentType="reference">
            <Name>OptimizelyVariableKey</Name>
            <Path>Classes/OptimizelyVariableKey.html</Path>
            
                <Subnodes>
                <Node type="section">
                    <Path>Classes/OptimizelyVariableKey.html</Path>
                    <Name>Overview</Name>
                    <Anchor>overview</Anchor>
                </Node>
                <Node type="section">
                    <Path>Classes/OptimizelyVariableKey.html</Path>
                    <Name>Tasks</Name>
                    <Anchor>tasks</Anchor>
                </Node>
                
                <Node type="section">
                    <Path>Classes/OptimizelyVariableKey.html</Path>
                    <Name>Properties</Name>
                    <Anchor>properties</Anchor>
                </Node>
                
                
                
            </Subnodes>
            
        </Node>
		
		
        <Node id="6" type="file" documentType="reference">
            <Name>OptimizelyPlugin</Name>
            <Path>Protocols/OptimizelyPlugin.html</Path>
            
                <Subnodes>
                <Node type="section">
                    <Path>Protocols/OptimizelyPlugin.html</Path>
                    <Name>Overview</Name>
                    <Anchor>overview</Anchor>
                </Node>
                <Node type="section">
                    <Path>Protocols/OptimizelyPlugin.html</Path>
                    <Name>Tasks</Name>
                    <Anchor>tasks</Anchor>
                </Node>
                
                <Node type="section">
                    <Path>Protocols/OptimizelyPlugin.html</Path>
                    <Name>Properties</Name>
                    <Anchor>properties</Anchor>
                </Node>
                
                
                
                <Node type="section">
                    <Path>Protocols/OptimizelyPlugin.html</Path>
                    <Name>Instance Methods</Name>
                    <Anchor>instance_methods</Anchor>
                </Node>
                
            </Subnodes>
            
        </Node>
		
        <Node id="7" type="file" documentType="reference">
            <Name>OptimizelyExperimentDataState</Name>
            <Path>Constants/OptimizelyExperimentDataState.html</Path>
            
        </Node>
		<Node id="8" type="file" documentType="reference">
            <Name>OptimizelyInitializationState</Name>
            <Path>Constants/OptimizelyInitializationState.html</Path>
            
        </Node>
		<Node id="9" type="file" documentType="reference">
            <Name>OptimizelyRunningMode</Name>
            <Path>Constants/OptimizelyRunningMode.html</Path>
            
        </Node>
		
        <Node id="10" type="file" documentType="reference">
            <Name>OptimizelySuccessBlock</Name>
            <Path>Blocks/OptimizelySuccessBlock.html</Path>
            
        </Node>
        
	</Library>
</DocSetNodes>