<?xml version="1.0" encoding="UTF-8"?>
<Tokens version="1.0">
	<File path="Classes/OptimizelyVariableKey.html">
		
		<Token>
			<TokenIdentifier>//apple_ref/occ/cl/OptimizelyVariableKey</TokenIdentifier>
			<Abstract type="html">This class defines a key that can be used to retrieve Optimizely live variables.</Abstract>
			<DeclaredIn>OptimizelyVariableKey.h</DeclaredIn>
            
			
			<NodeRef refid="5"/>
		</Token>
		
		
		<Token>
			<TokenIdentifier>//apple_ref/occ/instm/OptimizelyVariableKey/setKey:</TokenIdentifier>
			<Abstract type="html">A unique name for this OptimizelyVariableKey</Abstract>
			<DeclaredIn>OptimizelyVariableKey.h</DeclaredIn>
			
			<Declaration>@property (readonly) NSString *key</Declaration>
			
			
			<Anchor>//api/name/key</Anchor>
            <NodeRef refid="5"/>
		</Token>
		
		<Token>
			<TokenIdentifier>//apple_ref/occ/instm/OptimizelyVariableKey/key</TokenIdentifier>
			<Abstract type="html">A unique name for this OptimizelyVariableKey</Abstract>
			<DeclaredIn>OptimizelyVariableKey.h</DeclaredIn>
			
			<Declaration>@property (readonly) NSString *key</Declaration>
			
			
			<Anchor>//api/name/key</Anchor>
            <NodeRef refid="5"/>
		</Token>
		
		<Token>
			<TokenIdentifier>//apple_ref/occ/instp/OptimizelyVariableKey/key</TokenIdentifier>
			<Abstract type="html">A unique name for this OptimizelyVariableKey</Abstract>
			<DeclaredIn>OptimizelyVariableKey.h</DeclaredIn>
			
			<Declaration>@property (readonly) NSString *key</Declaration>
			
			
			<Anchor>//api/name/key</Anchor>
            <NodeRef refid="5"/>
		</Token>
		
		<Token>
			<TokenIdentifier>//apple_ref/occ/instm/OptimizelyVariableKey/setDefaultValue:</TokenIdentifier>
			<Abstract type="html">The value that will be returned if no active experiment involves this variable.</Abstract>
			<DeclaredIn>OptimizelyVariableKey.h</DeclaredIn>
			
			<Declaration>@property (readonly) id defaultValue</Declaration>
			
			
			<Anchor>//api/name/defaultValue</Anchor>
            <NodeRef refid="5"/>
		</Token>
		
		<Token>
			<TokenIdentifier>//apple_ref/occ/instm/OptimizelyVariableKey/defaultValue</TokenIdentifier>
			<Abstract type="html">The value that will be returned if no active experiment involves this variable.</Abstract>
			<DeclaredIn>OptimizelyVariableKey.h</DeclaredIn>
			
			<Declaration>@property (readonly) id defaultValue</Declaration>
			
			
			<Anchor>//api/name/defaultValue</Anchor>
            <NodeRef refid="5"/>
		</Token>
		
		<Token>
			<TokenIdentifier>//apple_ref/occ/instp/OptimizelyVariableKey/defaultValue</TokenIdentifier>
			<Abstract type="html">The value that will be returned if no active experiment involves this variable.</Abstract>
			<DeclaredIn>OptimizelyVariableKey.h</DeclaredIn>
			
			<Declaration>@property (readonly) id defaultValue</Declaration>
			
			
			<Anchor>//api/name/defaultValue</Anchor>
            <NodeRef refid="5"/>
		</Token>
		
		<Token>
			<TokenIdentifier>//apple_ref/occ/instm/OptimizelyVariableKey/setType:</TokenIdentifier>
			<Abstract type="html">The type of this key</Abstract>
			<DeclaredIn>OptimizelyVariableKey.h</DeclaredIn>
			
			<Declaration>@property (readonly) NSString *type</Declaration>
			
			
			<Anchor>//api/name/type</Anchor>
            <NodeRef refid="5"/>
		</Token>
		
		<Token>
			<TokenIdentifier>//apple_ref/occ/instm/OptimizelyVariableKey/type</TokenIdentifier>
			<Abstract type="html">The type of this key</Abstract>
			<DeclaredIn>OptimizelyVariableKey.h</DeclaredIn>
			
			<Declaration>@property (readonly) NSString *type</Declaration>
			
			
			<Anchor>//api/name/type</Anchor>
            <NodeRef refid="5"/>
		</Token>
		
		<Token>
			<TokenIdentifier>//apple_ref/occ/instp/OptimizelyVariableKey/type</TokenIdentifier>
			<Abstract type="html">The type of this key</Abstract>
			<DeclaredIn>OptimizelyVariableKey.h</DeclaredIn>
			
			<Declaration>@property (readonly) NSString *type</Declaration>
			
			
			<Anchor>//api/name/type</Anchor>
            <NodeRef refid="5"/>
		</Token>
		
        
        
	</File>
</Tokens>