<?xml version="1.0" encoding="UTF-8"?>
<Tokens version="1.0">
	<File path="Classes/OptimizelyCodeBlocksKey.html">
		
		<Token>
			<TokenIdentifier>//apple_ref/occ/cl/OptimizelyCodeBlocksKey</TokenIdentifier>
			<Abstract type="html">This class defines a key that can be used to define an Optimizely code blocks experiment.</Abstract>
			<DeclaredIn>OptimizelyCodeBlocksKey.h</DeclaredIn>
            
			
			<NodeRef refid="2"/>
		</Token>
		
		
		<Token>
			<TokenIdentifier>//apple_ref/occ/instm/OptimizelyCodeBlocksKey/setKey:</TokenIdentifier>
			<Abstract type="html">A unique name for this OptimizelyCodeBlocksKey</Abstract>
			<DeclaredIn>OptimizelyCodeBlocksKey.h</DeclaredIn>
			
			<Declaration>@property (readonly) NSString *key</Declaration>
			
			
			<Anchor>//api/name/key</Anchor>
            <NodeRef refid="2"/>
		</Token>
		
		<Token>
			<TokenIdentifier>//apple_ref/occ/instm/OptimizelyCodeBlocksKey/key</TokenIdentifier>
			<Abstract type="html">A unique name for this OptimizelyCodeBlocksKey</Abstract>
			<DeclaredIn>OptimizelyCodeBlocksKey.h</DeclaredIn>
			
			<Declaration>@property (readonly) NSString *key</Declaration>
			
			
			<Anchor>//api/name/key</Anchor>
            <NodeRef refid="2"/>
		</Token>
		
		<Token>
			<TokenIdentifier>//apple_ref/occ/instp/OptimizelyCodeBlocksKey/key</TokenIdentifier>
			<Abstract type="html">A unique name for this OptimizelyCodeBlocksKey</Abstract>
			<DeclaredIn>OptimizelyCodeBlocksKey.h</DeclaredIn>
			
			<Declaration>@property (readonly) NSString *key</Declaration>
			
			
			<Anchor>//api/name/key</Anchor>
            <NodeRef refid="2"/>
		</Token>
		
		<Token>
			<TokenIdentifier>//apple_ref/occ/instm/OptimizelyCodeBlocksKey/setBlockNames:</TokenIdentifier>
			<Abstract type="html">Array of associated block names for this code blocks experiment</Abstract>
			<DeclaredIn>OptimizelyCodeBlocksKey.h</DeclaredIn>
			
			<Declaration>@property (readonly) NSArray *blockNames</Declaration>
			
			
			<Anchor>//api/name/blockNames</Anchor>
            <NodeRef refid="2"/>
		</Token>
		
		<Token>
			<TokenIdentifier>//apple_ref/occ/instm/OptimizelyCodeBlocksKey/blockNames</TokenIdentifier>
			<Abstract type="html">Array of associated block names for this code blocks experiment</Abstract>
			<DeclaredIn>OptimizelyCodeBlocksKey.h</DeclaredIn>
			
			<Declaration>@property (readonly) NSArray *blockNames</Declaration>
			
			
			<Anchor>//api/name/blockNames</Anchor>
            <NodeRef refid="2"/>
		</Token>
		
		<Token>
			<TokenIdentifier>//apple_ref/occ/instp/OptimizelyCodeBlocksKey/blockNames</TokenIdentifier>
			<Abstract type="html">Array of associated block names for this code blocks experiment</Abstract>
			<DeclaredIn>OptimizelyCodeBlocksKey.h</DeclaredIn>
			
			<Declaration>@property (readonly) NSArray *blockNames</Declaration>
			
			
			<Anchor>//api/name/blockNames</Anchor>
            <NodeRef refid="2"/>
		</Token>
		
        
        
	</File>
</Tokens>