<?xml version="1.0" encoding="UTF-8"?>
<Tokens version="1.0">
	<File path="Constants/OptimizelyInitializationState.html">
		
		<Token>
			<TokenIdentifier>//apple_ref/c/tdef/OptimizelyInitializationState</TokenIdentifier>
			<Abstract type="html">Enumeration type showing the status of the current Optimizely singleton&apos;s state,
regarding whether it has started, is in the process of starting up, or has not been
started.</Abstract>
			<DeclaredIn>Optimizely.h</DeclaredIn>
            
			
			<NodeRef refid="8"/>
		</Token>
		
		
        
        <Token>
            <TokenIdentifier>//apple_ref/c/econst/OptimizelyInitializationStateIsNotStarted</TokenIdentifier>
            <Abstract type="html">The Optimizely singleton has not started.</Abstract>
            <Declaration>OptimizelyInitializationStateIsNotStarted</Declaration>
            
            <DeclaredIn>Optimizely.h</DeclaredIn>
            
            <NodeRef refid="8"/>
        </Token>
        
        <Token>
            <TokenIdentifier>//apple_ref/c/econst/OptimizelyInitializationStateIsStarting</TokenIdentifier>
            <Abstract type="html">The Optimizely singleton is starting and initializing required components.
This helps to avoid double initialization.
     </Abstract>
            <Declaration>OptimizelyInitializationStateIsStarting</Declaration>
            
            <DeclaredIn>Optimizely.h</DeclaredIn>
            
            <NodeRef refid="8"/>
        </Token>
        
        <Token>
            <TokenIdentifier>//apple_ref/c/econst/OptimizelyInitializationStateIsStarted</TokenIdentifier>
            <Abstract type="html">The Optimizely singleton has started and all required components are initialized.</Abstract>
            <Declaration>OptimizelyInitializationStateIsStarted</Declaration>
            
            <DeclaredIn>Optimizely.h</DeclaredIn>
            
            <NodeRef refid="8"/>
        </Token>
        
        
	</File>
</Tokens>