<?xml version="1.0" encoding="UTF-8"?>
<Tokens version="1.0">
	<File path="Classes/Optimizely.html">
		
		<Token>
			<TokenIdentifier>//apple_ref/occ/cl/Optimizely</TokenIdentifier>
			<Abstract type="html">This class defines the Optimizely SDK interface.</Abstract>
			<DeclaredIn>Optimizely.h</DeclaredIn>
            
			
			<NodeRef refid="1"/>
		</Token>
		
		
		<Token>
			<TokenIdentifier>//apple_ref/occ/clm/Optimizely/sharedInstance</TokenIdentifier>
			<Abstract type="html">This method provides access to the Optimizely singleton.</Abstract>
			<DeclaredIn>Optimizely.h</DeclaredIn>
			
			<Declaration>+ (instancetype)sharedInstance</Declaration>
			
			<ReturnValue><Abstract type="html">The Optimizely singleton</Abstract></ReturnValue>
			<Anchor>//api/name/sharedInstance</Anchor>
            <NodeRef refid="1"/>
		</Token>
		
		<Token>
			<TokenIdentifier>//apple_ref/occ/clm/Optimizely/startOptimizelyWithAPIToken:launchOptions:</TokenIdentifier>
			<Abstract type="html">Calling this activates the Optimizely framework. If not called, the app will behave
as though Optimizely wasn&apos;t included.</Abstract>
			<DeclaredIn>Optimizely.h</DeclaredIn>
			
			<Declaration>+ (void)startOptimizelyWithAPIToken:(NSString *)apiToken launchOptions:(NSDictionary *)launchOptions</Declaration>
			<Parameters>
				<Parameter>
					<Name>apiToken</Name>
					<Abstract type="html">The apiToken of your iOS project on Optimizely.</Abstract>
				</Parameter><Parameter>
					<Name>launchOptions</Name>
					<Abstract type="html">A dictionary of launch options. This is typically the launch options
passed into -application: didFinishLaunchingWithOptions:.</Abstract>
				</Parameter>
			</Parameters>
			
			<Anchor>//api/name/startOptimizelyWithAPIToken:launchOptions:</Anchor>
            <NodeRef refid="1"/>
		</Token>
		
		<Token>
			<TokenIdentifier>//apple_ref/occ/clm/Optimizely/startOptimizelyWithAPIToken:launchOptions:experimentsLoadedCallback:</TokenIdentifier>
			<Abstract type="html">Calling this activates the Optimizely framework. If not called, the app will behave
as though Optimizely wasn&apos;t included.</Abstract>
			<DeclaredIn>Optimizely.h</DeclaredIn>
			
			<Declaration>+ (void)startOptimizelyWithAPIToken:(NSString *)apiToken launchOptions:(NSDictionary *)launchOptions experimentsLoadedCallback:(OptimizelySuccessBlock)experimentsLoadedCallback</Declaration>
			<Parameters>
				<Parameter>
					<Name>apiToken</Name>
					<Abstract type="html">The apiToken of your iOS project on Optimizely.</Abstract>
				</Parameter><Parameter>
					<Name>launchOptions</Name>
					<Abstract type="html">A dictionary of launch options. This is typically the launch options
passed into -application: didFinishLaunchingWithOptions:.</Abstract>
				</Parameter><Parameter>
					<Name>experimentsLoadedCallback</Name>
					<Abstract type="html">A block that will be executed when the Optimizely framework
has activated any experiments that pass targeting.</Abstract>
				</Parameter>
			</Parameters>
			
			<Anchor>//api/name/startOptimizelyWithAPIToken:launchOptions:experimentsLoadedCallback:</Anchor>
            <NodeRef refid="1"/>
		</Token>
		
		<Token>
			<TokenIdentifier>//apple_ref/occ/clm/Optimizely/setValue:forCustomTag:</TokenIdentifier>
			<Abstract type="html">This method allows you to add custom tags for targeting.</Abstract>
			<DeclaredIn>Optimizely.h</DeclaredIn>
			
			<Declaration>+ (void)setValue:(NSString *)tagValue forCustomTag:(NSString *)tagKey</Declaration>
			<Parameters>
				<Parameter>
					<Name>tagValue</Name>
					<Abstract type="html">Value for custom tag</Abstract>
				</Parameter><Parameter>
					<Name>tagKey</Name>
					<Abstract type="html">Key for custom tag</Abstract>
				</Parameter>
			</Parameters>
			
			<Anchor>//api/name/setValue:forCustomTag:</Anchor>
            <NodeRef refid="1"/>
		</Token>
		
		<Token>
			<TokenIdentifier>//apple_ref/occ/clm/Optimizely/handleOpenURL:</TokenIdentifier>
			<Abstract type="html">This method is intended to notify Optimizely that the app has been opened via URL and the
user wishes to enter edit mode.  Typically, this should be placed in application:handleOpenURL:</Abstract>
			<DeclaredIn>Optimizely.h</DeclaredIn>
			
			<Declaration>+ (BOOL)handleOpenURL:(NSURL *)url</Declaration>
			<Parameters>
				<Parameter>
					<Name>url</Name>
					<Abstract type="html">The url passed to application:handleOpenURL:</Abstract>
				</Parameter>
			</Parameters>
			<ReturnValue><Abstract type="html">Returns true if the provided URL is an Optimizely URL, false otherwise.</Abstract></ReturnValue>
			<Anchor>//api/name/handleOpenURL:</Anchor>
            <NodeRef refid="1"/>
		</Token>
		
		<Token>
			<TokenIdentifier>//apple_ref/occ/clm/Optimizely/enableEditor</TokenIdentifier>
			<Abstract type="html">This method makes the device available to the Optimizely web editor.</Abstract>
			<DeclaredIn>Optimizely.h</DeclaredIn>
			
			<Declaration>+ (void)enableEditor</Declaration>
			
			
			<Anchor>//api/name/enableEditor</Anchor>
            <NodeRef refid="1"/>
		</Token>
		
		<Token>
			<TokenIdentifier>//apple_ref/occ/clm/Optimizely/enablePreview</TokenIdentifier>
			<Abstract type="html">This method enables the preview mode on the device/simulator.</Abstract>
			<DeclaredIn>Optimizely.h</DeclaredIn>
			
			<Declaration>+ (void)enablePreview</Declaration>
			
			
			<Anchor>//api/name/enablePreview</Anchor>
            <NodeRef refid="1"/>
		</Token>
		
		<Token>
			<TokenIdentifier>//apple_ref/occ/clm/Optimizely/disableSwizzle</TokenIdentifier>
			<Abstract type="html">This method deactivates the swizzling functionality of the SDK required for use of the visual editor.</Abstract>
			<DeclaredIn>Optimizely.h</DeclaredIn>
			
			<Declaration>+ (void)disableSwizzle</Declaration>
			
			
			<Anchor>//api/name/disableSwizzle</Anchor>
            <NodeRef refid="1"/>
		</Token>
		
		<Token>
			<TokenIdentifier>//apple_ref/occ/clm/Optimizely/enableGestureInAppStoreApp</TokenIdentifier>
			<Abstract type="html">This method enables the Optimizely gesture that launches your app into edit mode for builds
of your app downloaded from the app store.</Abstract>
			<DeclaredIn>Optimizely.h</DeclaredIn>
			
			<Declaration>+ (void)enableGestureInAppStoreApp</Declaration>
			
			
			<Anchor>//api/name/enableGestureInAppStoreApp</Anchor>
            <NodeRef refid="1"/>
		</Token>
		
		<Token>
			<TokenIdentifier>//apple_ref/occ/clm/Optimizely/dispatch</TokenIdentifier>
			<Abstract type="html">This method immediately starts a network request that sends tracked events
to Optimizely and fetches the newest experiment data file.</Abstract>
			<DeclaredIn>Optimizely.h</DeclaredIn>
			
			<Declaration>+ (void)dispatch</Declaration>
			
			
			<Anchor>//api/name/dispatch</Anchor>
            <NodeRef refid="1"/>
		</Token>
		
		<Token>
			<TokenIdentifier>//apple_ref/occ/clm/Optimizely/dispatchEvents</TokenIdentifier>
			<Abstract type="html">Manually send events to Optimizely.</Abstract>
			<DeclaredIn>Optimizely.h</DeclaredIn>
			
			<Declaration>+ (void)dispatchEvents</Declaration>
			
			
			<Anchor>//api/name/dispatchEvents</Anchor>
            <NodeRef refid="1"/>
		</Token>
		
		<Token>
			<TokenIdentifier>//apple_ref/occ/clm/Optimizely/fetchNewDataFile</TokenIdentifier>
			<Abstract type="html">Manually fetch new data file from Optimizely.</Abstract>
			<DeclaredIn>Optimizely.h</DeclaredIn>
			
			<Declaration>+ (void)fetchNewDataFile</Declaration>
			
			
			<Anchor>//api/name/fetchNewDataFile</Anchor>
            <NodeRef refid="1"/>
		</Token>
		
		<Token>
			<TokenIdentifier>//apple_ref/occ/clm/Optimizely/trackEvent:</TokenIdentifier>
			<Abstract type="html">This method informs Optimizely that a custom goal with key description occured.</Abstract>
			<DeclaredIn>Optimizely.h</DeclaredIn>
			
	<RelatedTokens>
		<TokenIdentifier>//apple_ref/occ/clm/Optimizely/dispatch</TokenIdentifier>
		
	</RelatedTokens>
	
			<Declaration>+ (void)trackEvent:(NSString *)description</Declaration>
			<Parameters>
				<Parameter>
					<Name>description</Name>
					<Abstract type="html">A unique string identifying the custom goal</Abstract>
				</Parameter>
			</Parameters>
			
			<Anchor>//api/name/trackEvent:</Anchor>
            <NodeRef refid="1"/>
		</Token>
		
		<Token>
			<TokenIdentifier>//apple_ref/occ/clm/Optimizely/trackRevenue:withDescription:</TokenIdentifier>
			<Abstract type="html">This method informs Optimizely that a revenue goal custom event occured.</Abstract>
			<DeclaredIn>Optimizely.h</DeclaredIn>
			
	<RelatedTokens>
		<TokenIdentifier>//apple_ref/occ/clm/Optimizely/dispatch</TokenIdentifier>
		
	</RelatedTokens>
	
			<Declaration>+ (void)trackRevenue:(int)revenueAmount withDescription:(NSString *)description</Declaration>
			<Parameters>
				<Parameter>
					<Name>revenueAmount</Name>
					<Abstract type="html">The revenue amount in cents associated with the event</Abstract>
				</Parameter><Parameter>
					<Name>description</Name>
					<Abstract type="html">The description of the revenue. This will only be shown in the raw event log.</Abstract>
				</Parameter>
			</Parameters>
			
			<Anchor>//api/name/trackRevenue:withDescription:</Anchor>
            <NodeRef refid="1"/>
		</Token>
		
		<Token>
			<TokenIdentifier>//apple_ref/occ/clm/Optimizely/refreshExperiments</TokenIdentifier>
			<Abstract type="html">This method manually refreshes all currently running experiments so as to take into account
the most recent targeting conditions and tags.</Abstract>
			<DeclaredIn>Optimizely.h</DeclaredIn>
			
			<Declaration>+ (void)refreshExperiments</Declaration>
			
			
			<Anchor>//api/name/refreshExperiments</Anchor>
            <NodeRef refid="1"/>
		</Token>
		
		<Token>
			<TokenIdentifier>//apple_ref/occ/clm/Optimizely/getExperimentDataById:</TokenIdentifier>
			<Abstract type="html">This method gets the experiment data for a given experimentId</Abstract>
			<DeclaredIn>Optimizely.h</DeclaredIn>
			
			<Declaration>+ (OptimizelyExperimentData *)getExperimentDataById:(NSString *)experimentId</Declaration>
			<Parameters>
				<Parameter>
					<Name>experimentId</Name>
					<Abstract type="html">The id of the particular experiment.
The ID is available in the bottom of the experiment details panel from the project view.</Abstract>
				</Parameter>
			</Parameters>
			<ReturnValue><Abstract type="html">OptimizelyExperimentData returns the experiment data if the experiment is found. returns nil otherwise</Abstract></ReturnValue>
			<Anchor>//api/name/getExperimentDataById:</Anchor>
            <NodeRef refid="1"/>
		</Token>
		
		<Token>
			<TokenIdentifier>//apple_ref/occ/clm/Optimizely/isUserInAudience:</TokenIdentifier>
			<Abstract type="html">This method determines whether a user is in a particular audience.</Abstract>
			<DeclaredIn>Optimizely.h</DeclaredIn>
			
			<Declaration>+ (BOOL)isUserInAudience:(NSString *)audienceId</Declaration>
			<Parameters>
				<Parameter>
					<Name>audienceId</Name>
					<Abstract type="html">The audienceId that we&apos;re trying to check against</Abstract>
				</Parameter>
			</Parameters>
			<ReturnValue><Abstract type="html">BOOL true if user satisfies the audience conditions, false otherwise</Abstract></ReturnValue>
			<Anchor>//api/name/isUserInAudience:</Anchor>
            <NodeRef refid="1"/>
		</Token>
		
		<Token>
			<TokenIdentifier>//apple_ref/occ/clm/Optimizely/resetUserBucketing</TokenIdentifier>
			<Abstract type="html">This method resets the bucketing metadata that is cached on device.
This will also clear the random user id, so that next time the experiment is activated, the user will be bucketed as a fresh user.
This will also clear the Optimizely DataFile from storage.</Abstract>
			<DeclaredIn>Optimizely.h</DeclaredIn>
			
			<Declaration>+ (void)resetUserBucketing</Declaration>
			
			
			<Anchor>//api/name/resetUserBucketing</Anchor>
            <NodeRef refid="1"/>
		</Token>
		
		<Token>
			<TokenIdentifier>//apple_ref/occ/clm/Optimizely/resetUserBucketingAndRestartApp</TokenIdentifier>
			<Abstract type="html">This method clears user bucketing data and immediately relaunches the app so that the user will
be re-bucketed upon the app re-launch.</Abstract>
			<DeclaredIn>Optimizely.h</DeclaredIn>
			
			<Declaration>+ (void)resetUserBucketingAndRestartApp</Declaration>
			
			
			<Anchor>//api/name/resetUserBucketingAndRestartApp</Anchor>
            <NodeRef refid="1"/>
		</Token>
		
		<Token>
			<TokenIdentifier>//apple_ref/occ/clm/Optimizely/getAudiences</TokenIdentifier>
			<Abstract type="html">This method returns a copy of all audiences that are defined in the data file.
If this is called before Optimizely starts, it will return an empty array.
If there are no audiences, it will return an empty array.
Each audience will be an index in the NSArray represented by a NSDictionary.
Each NSDictionary will have 3 keys: @&quot;name&quot;, @&quot;audience_id&quot;, and @&quot;conditions&quot;
@&quot;name&quot; keys to a NSString of the audience name in the web editor.
@&quot;audience_id&quot; keys to a NSString of the unique audience identifier.
@&quot;conditions&quot; keys to a JSON representation of the audience conditions.</Abstract>
			<DeclaredIn>Optimizely.h</DeclaredIn>
			
			<Declaration>+ (NSArray *)getAudiences</Declaration>
			
			<ReturnValue><Abstract type="html">NSArray of all audiences.</Abstract></ReturnValue>
			<Anchor>//api/name/getAudiences</Anchor>
            <NodeRef refid="1"/>
		</Token>
		
		<Token>
			<TokenIdentifier>//apple_ref/occ/clm/Optimizely/activateManualExperiment:</TokenIdentifier>
			<Abstract type="html">Activates a manual experiment with the given id. If it passes targeting, the experiment
will be bucketed and marked as visited. This must be called after startOptimizelyWithAPIToken.</Abstract>
			<DeclaredIn>Optimizely.h</DeclaredIn>
			
			<Declaration>+ (BOOL)activateManualExperiment:(NSString *)experimentId</Declaration>
			<Parameters>
				<Parameter>
					<Name>experimentId</Name>
					<Abstract type="html">The id of the experiment you wish to activate</Abstract>
				</Parameter>
			</Parameters>
			<ReturnValue><Abstract type="html">boolean depending on whether or not we successfully activated the experiment. Turn on verbose logging for more debugging info</Abstract></ReturnValue>
			<Anchor>//api/name/activateManualExperiment:</Anchor>
            <NodeRef refid="1"/>
		</Token>
		
		<Token>
			<TokenIdentifier>//apple_ref/occ/clm/Optimizely/activateAllManualExperiments</TokenIdentifier>
			<Abstract type="html">Activates all manual experiments in your data file. If it passes targeting, the experiments
will be bucketed and marked as visited. This must be called after startOptimizelyWithAPIToken.</Abstract>
			<DeclaredIn>Optimizely.h</DeclaredIn>
			
			<Declaration>+ (BOOL)activateAllManualExperiments</Declaration>
			
			<ReturnValue><Abstract type="html">boolean depending on whether or not we were able to activate all manual experiments. Turn on verbose logging for more debugging info.</Abstract></ReturnValue>
			<Anchor>//api/name/activateAllManualExperiments</Anchor>
            <NodeRef refid="1"/>
		</Token>
		
		<Token>
			<TokenIdentifier>//apple_ref/occ/clm/Optimizely/forceVariation:ofExperiment:</TokenIdentifier>
			<Abstract type="html">Buckets the user into a particular variation of an experiment.
This function must be called before startOptimizelyWithAPI.
If the experimentId or variationId is invalid, there will be no effect.
If the relevant data is not downloaded yet, nothing will be done.
This function only takes effect if the app is running in normal mode.
This function should be used for QA ONLY, since forcing a variation will clear out any saved experiment states for the user.</Abstract>
			<DeclaredIn>Optimizely.h</DeclaredIn>
			
			<Declaration>+ (void)forceVariation:(NSString *)variationId ofExperiment:(NSString *)experimentId</Declaration>
			<Parameters>
				<Parameter>
					<Name>variationId</Name>
					<Abstract type="html">The id of the variation you wish to bucket the user into.</Abstract>
				</Parameter><Parameter>
					<Name>experimentId</Name>
					<Abstract type="html">The id of the experiment you are bucketing within.</Abstract>
				</Parameter>
			</Parameters>
			
			<Anchor>//api/name/forceVariation:ofExperiment:</Anchor>
            <NodeRef refid="1"/>
		</Token>
		
		<Token>
			<TokenIdentifier>//apple_ref/occ/clm/Optimizely/getAttributes</TokenIdentifier>
			<Abstract type="html">This method returns a copy of all attributes that are defined in the data file.
If this is called before Optimizely starts, it will return an empty array.
If there are no attributes, it will return an empty array.
Each attribute will be an index in the NSArray represented by an instance of the OptimizelyAttribute class.</Abstract>
			<DeclaredIn>Optimizely.h</DeclaredIn>
			
			<Declaration>+ (NSArray *)getAttributes</Declaration>
			
			
			<Anchor>//api/name/getAttributes</Anchor>
            <NodeRef refid="1"/>
		</Token>
		
		<Token>
			<TokenIdentifier>//apple_ref/occ/clm/Optimizely/getAttributeValueForAttributeId:</TokenIdentifier>
			<Abstract type="html">This method gets the current value of the Optimizely Attribute object with the input attribute Id.
If attribute Id is nil, it will return nil.
If this method is called before Optimizely is started, it will return what is currently stored.
After Optimizely is started, if there is no corresponding OptimizelyAttribute object with that attribute Id, it will return nil.</Abstract>
			<DeclaredIn>Optimizely.h</DeclaredIn>
			
			<Declaration>+ (NSString *)getAttributeValueForAttributeId:(NSString *)attributeId</Declaration>
			<Parameters>
				<Parameter>
					<Name>attributeId</Name>
					<Abstract type="html">The id of the OptimizelyAttribute object whose value is being queried.</Abstract>
				</Parameter>
			</Parameters>
			<ReturnValue><Abstract type="html">The value of the OptimizelyAttribute object if found.</Abstract></ReturnValue>
			<Anchor>//api/name/getAttributeValueForAttributeId:</Anchor>
            <NodeRef refid="1"/>
		</Token>
		
		<Token>
			<TokenIdentifier>//apple_ref/occ/clm/Optimizely/getAttributeValueForAttributeApiName:</TokenIdentifier>
			<Abstract type="html">This method gets the current value of the Optimizely Attribute object with the input attribute API Name.
If attribute API Name is nil, it will return nil.
If this method is called before Optimizely is started, it will return what is currently stored.
After Optimizely is started, if there is no corresponding OptimizelyAttribute object with that attribute API Name, it will return nil.</Abstract>
			<DeclaredIn>Optimizely.h</DeclaredIn>
			
			<Declaration>+ (NSString *)getAttributeValueForAttributeApiName:(NSString *)attributeApiName</Declaration>
			<Parameters>
				<Parameter>
					<Name>attributeApiName</Name>
					<Abstract type="html">The API Name of the OptimizelyAttribute object whose value is being queried.</Abstract>
				</Parameter>
			</Parameters>
			<ReturnValue><Abstract type="html">The value of the OptimizelyAttribute object if found.</Abstract></ReturnValue>
			<Anchor>//api/name/getAttributeValueForAttributeApiName:</Anchor>
            <NodeRef refid="1"/>
		</Token>
		
		<Token>
			<TokenIdentifier>//apple_ref/occ/clm/Optimizely/setValue:forAttributeId:</TokenIdentifier>
			<Abstract type="html">This method sets the value for a attribute with the corresponding Id.
If attributeId is nil, it will return NO.
If this method is called before Optimizely is started, it will return YES.
It will be unable to check if the attributeId is valid and will only store the key value pair.
If this method is called after Optimizely is started, it will return YES if it properly sets the value.
If there is no corresponding OptimizelyAttribute, it will return NO.</Abstract>
			<DeclaredIn>Optimizely.h</DeclaredIn>
			
			<Declaration>+ (BOOL)setValue:(NSString *)value forAttributeId:(NSString *)attributeId</Declaration>
			<Parameters>
				<Parameter>
					<Name>value</Name>
					<Abstract type="html">The value to set the OptimizelyAttribute to.</Abstract>
				</Parameter><Parameter>
					<Name>attributeId</Name>
					<Abstract type="html">The attribute Id of the OptimizelyAttribute you want to modify.</Abstract>
				</Parameter>
			</Parameters>
			<ReturnValue><Abstract type="html">YES if the value is successfully set. NO otherwise</Abstract></ReturnValue>
			<Anchor>//api/name/setValue:forAttributeId:</Anchor>
            <NodeRef refid="1"/>
		</Token>
		
		<Token>
			<TokenIdentifier>//apple_ref/occ/clm/Optimizely/setValue:forAttributeApiName:</TokenIdentifier>
			<Abstract type="html">This method sets the value for a attribute with the corresponding API Name.
If attributeApiName is nil, it will return NO.
If this method is called before Optimizely is started, it will return YES.
It will be unable to check if the attributeApiName is valid and will only store the key value pair.
If this method is called after Optimizely is started, it will return YES if it properly sets the value.
If there is no corresponding OptimizelyAttribute, it will return NO.</Abstract>
			<DeclaredIn>Optimizely.h</DeclaredIn>
			
			<Declaration>+ (BOOL)setValue:(NSString *)value forAttributeApiName:(NSString *)attributeApiName</Declaration>
			<Parameters>
				<Parameter>
					<Name>value</Name>
					<Abstract type="html">The value to set the OptimizelyAttribute to.</Abstract>
				</Parameter><Parameter>
					<Name>attributeApiName</Name>
					<Abstract type="html">The attribute API Name of the OptimizelyAttribute you want to modify.</Abstract>
				</Parameter>
			</Parameters>
			<ReturnValue><Abstract type="html">YES if the value is successfully set. NO otherwise</Abstract></ReturnValue>
			<Anchor>//api/name/setValue:forAttributeApiName:</Anchor>
            <NodeRef refid="1"/>
		</Token>
		
		<Token>
			<TokenIdentifier>//apple_ref/occ/clm/Optimizely/stringForKey:</TokenIdentifier>
			<Abstract type="html">Returns the NSString idenitified by the provided key.</Abstract>
			<DeclaredIn>Optimizely.h</DeclaredIn>
			
			<Declaration>+ (NSString *)stringForKey:(OptimizelyVariableKey *)key</Declaration>
			<Parameters>
				<Parameter>
					<Name>key</Name>
					<Abstract type="html">A key uniquely identifying a live variable</Abstract>
				</Parameter>
			</Parameters>
			<ReturnValue><Abstract type="html">The value of this variable in the active experiment (default if no active experiment)</Abstract></ReturnValue>
			<Anchor>//api/name/stringForKey:</Anchor>
            <NodeRef refid="1"/>
		</Token>
		
		<Token>
			<TokenIdentifier>//apple_ref/occ/clm/Optimizely/colorForKey:</TokenIdentifier>
			<Abstract type="html">Returns the UIColor idenitified by the provided key.</Abstract>
			<DeclaredIn>Optimizely.h</DeclaredIn>
			
			<Declaration>+ (UIColor *)colorForKey:(OptimizelyVariableKey *)key</Declaration>
			<Parameters>
				<Parameter>
					<Name>key</Name>
					<Abstract type="html">A key uniquely identifying a live variable</Abstract>
				</Parameter>
			</Parameters>
			<ReturnValue><Abstract type="html">The value of this variable in the active experiment (default if no active experiment)</Abstract></ReturnValue>
			<Anchor>//api/name/colorForKey:</Anchor>
            <NodeRef refid="1"/>
		</Token>
		
		<Token>
			<TokenIdentifier>//apple_ref/occ/clm/Optimizely/numberForKey:</TokenIdentifier>
			<Abstract type="html">Returns the NSNumber idenitified by the provided key.</Abstract>
			<DeclaredIn>Optimizely.h</DeclaredIn>
			
			<Declaration>+ (NSNumber *)numberForKey:(OptimizelyVariableKey *)key</Declaration>
			<Parameters>
				<Parameter>
					<Name>key</Name>
					<Abstract type="html">A key uniquely identifying a live variable</Abstract>
				</Parameter>
			</Parameters>
			<ReturnValue><Abstract type="html">The value of this variable in the active experiment (default if no active experiment)</Abstract></ReturnValue>
			<Anchor>//api/name/numberForKey:</Anchor>
            <NodeRef refid="1"/>
		</Token>
		
		<Token>
			<TokenIdentifier>//apple_ref/occ/clm/Optimizely/pointForKey:</TokenIdentifier>
			<Abstract type="html">Returns the CGPoint idenitified by the provided key.</Abstract>
			<DeclaredIn>Optimizely.h</DeclaredIn>
			
			<Declaration>+ (CGPoint)pointForKey:(OptimizelyVariableKey *)key</Declaration>
			<Parameters>
				<Parameter>
					<Name>key</Name>
					<Abstract type="html">A key uniquely identifying a live variable</Abstract>
				</Parameter>
			</Parameters>
			<ReturnValue><Abstract type="html">The value of this variable in the active experiment (default if no active experiment)</Abstract></ReturnValue>
			<Anchor>//api/name/pointForKey:</Anchor>
            <NodeRef refid="1"/>
		</Token>
		
		<Token>
			<TokenIdentifier>//apple_ref/occ/clm/Optimizely/sizeForKey:</TokenIdentifier>
			<Abstract type="html">Returns the CGSize idenitified by the provided key.</Abstract>
			<DeclaredIn>Optimizely.h</DeclaredIn>
			
			<Declaration>+ (CGSize)sizeForKey:(OptimizelyVariableKey *)key</Declaration>
			<Parameters>
				<Parameter>
					<Name>key</Name>
					<Abstract type="html">A key uniquely identifying a live variable</Abstract>
				</Parameter>
			</Parameters>
			<ReturnValue><Abstract type="html">The value of this variable in the active experiment (default if no active experiment)</Abstract></ReturnValue>
			<Anchor>//api/name/sizeForKey:</Anchor>
            <NodeRef refid="1"/>
		</Token>
		
		<Token>
			<TokenIdentifier>//apple_ref/occ/clm/Optimizely/rectForKey:</TokenIdentifier>
			<Abstract type="html">Returns the CGRect idenitified by the provided key.</Abstract>
			<DeclaredIn>Optimizely.h</DeclaredIn>
			
			<Declaration>+ (CGRect)rectForKey:(OptimizelyVariableKey *)key</Declaration>
			<Parameters>
				<Parameter>
					<Name>key</Name>
					<Abstract type="html">A key uniquely identifying a live variable</Abstract>
				</Parameter>
			</Parameters>
			<ReturnValue><Abstract type="html">The value of this variable in the active experiment (default if no active experiment)</Abstract></ReturnValue>
			<Anchor>//api/name/rectForKey:</Anchor>
            <NodeRef refid="1"/>
		</Token>
		
		<Token>
			<TokenIdentifier>//apple_ref/occ/clm/Optimizely/boolForKey:</TokenIdentifier>
			<Abstract type="html">Returns the BOOL idenitified by the provided key.</Abstract>
			<DeclaredIn>Optimizely.h</DeclaredIn>
			
			<Declaration>+ (BOOL)boolForKey:(OptimizelyVariableKey *)key</Declaration>
			<Parameters>
				<Parameter>
					<Name>key</Name>
					<Abstract type="html">A key uniquely identifying a live variable</Abstract>
				</Parameter>
			</Parameters>
			<ReturnValue><Abstract type="html">The value of this variable in the active experiment (default if no active experiment)</Abstract></ReturnValue>
			<Anchor>//api/name/boolForKey:</Anchor>
            <NodeRef refid="1"/>
		</Token>
		
		<Token>
			<TokenIdentifier>//apple_ref/occ/clm/Optimizely/registerCallbackForVariableWithKey:callback:</TokenIdentifier>
			<Abstract type="html">This method registers a callback that is run when the given variable is changed.</Abstract>
			<DeclaredIn>Optimizely.h</DeclaredIn>
			
			<Declaration>+ (void)registerCallbackForVariableWithKey:(OptimizelyVariableKey *)key callback:(void ( ^ ) ( NSString *, id ))callback</Declaration>
			<Parameters>
				<Parameter>
					<Name>key</Name>
					<Abstract type="html">The Optimizely key associated with the variable you want to watch</Abstract>
				</Parameter><Parameter>
					<Name>callback</Name>
					<Abstract type="html">The callback method that will be invoked whenever the variable is changed. It takes in two parameters, the first being the key of the changed variable and the second is the variable&apos;s new value</Abstract>
				</Parameter>
			</Parameters>
			
			<Anchor>//api/name/registerCallbackForVariableWithKey:callback:</Anchor>
            <NodeRef refid="1"/>
		</Token>
		
		<Token>
			<TokenIdentifier>//apple_ref/occ/clm/Optimizely/codeBlocksWithKey:blockOne:defaultBlock:</TokenIdentifier>
			<Abstract type="html">This method allows you to define a code block based experiment with one alternative.</Abstract>
			<DeclaredIn>Optimizely.h</DeclaredIn>
			
			<Declaration>+ (void)codeBlocksWithKey:(OptimizelyCodeBlocksKey *)codeBlocksKey blockOne:(void ( ^ ) ( void ))blockOne defaultBlock:(void ( ^ ) ( void ))defaultBlock</Declaration>
			<Parameters>
				<Parameter>
					<Name>codeBlocksKey</Name>
					<Abstract type="html">The OptimizelyCodeBlocksKey associated with this code blocks experiment</Abstract>
				</Parameter><Parameter>
					<Name>blockOne</Name>
					<Abstract type="html">Block corresponding to the first block name in the provided OptimizelyCodeBlocksKey</Abstract>
				</Parameter><Parameter>
					<Name>defaultBlock</Name>
					<Abstract type="html">This block will be executed if no active experiment involves this code block key.</Abstract>
				</Parameter>
			</Parameters>
			
			<Anchor>//api/name/codeBlocksWithKey:blockOne:defaultBlock:</Anchor>
            <NodeRef refid="1"/>
		</Token>
		
		<Token>
			<TokenIdentifier>//apple_ref/occ/clm/Optimizely/codeBlocksWithKey:blockOne:blockTwo:defaultBlock:</TokenIdentifier>
			<Abstract type="html">This method allows you to define a code block based experiment with two alternatives.</Abstract>
			<DeclaredIn>Optimizely.h</DeclaredIn>
			
			<Declaration>+ (void)codeBlocksWithKey:(OptimizelyCodeBlocksKey *)codeBlocksKey blockOne:(void ( ^ ) ( void ))blockOne blockTwo:(void ( ^ ) ( void ))blockTwo defaultBlock:(void ( ^ ) ( void ))defaultBlock</Declaration>
			<Parameters>
				<Parameter>
					<Name>codeBlocksKey</Name>
					<Abstract type="html">The OptimizelyCodeBlocksKey associated with this code blocks experiment</Abstract>
				</Parameter><Parameter>
					<Name>blockOne</Name>
					<Abstract type="html">Block corresponding to the first block name in the provided OptimizelyCodeBlocksKey</Abstract>
				</Parameter><Parameter>
					<Name>blockTwo</Name>
					<Abstract type="html">Block corresponding to the second block name in the provided OptimizelyCodeBlocksKey</Abstract>
				</Parameter><Parameter>
					<Name>defaultBlock</Name>
					<Abstract type="html">This block will be executed if no active experiment involves this code block key.</Abstract>
				</Parameter>
			</Parameters>
			
			<Anchor>//api/name/codeBlocksWithKey:blockOne:blockTwo:defaultBlock:</Anchor>
            <NodeRef refid="1"/>
		</Token>
		
		<Token>
			<TokenIdentifier>//apple_ref/occ/clm/Optimizely/codeBlocksWithKey:blockOne:blockTwo:blockThree:defaultBlock:</TokenIdentifier>
			<Abstract type="html">This method allows you to define a code block based experiment with three alternatives.</Abstract>
			<DeclaredIn>Optimizely.h</DeclaredIn>
			
			<Declaration>+ (void)codeBlocksWithKey:(OptimizelyCodeBlocksKey *)codeBlocksKey blockOne:(void ( ^ ) ( void ))blockOne blockTwo:(void ( ^ ) ( void ))blockTwo blockThree:(void ( ^ ) ( void ))blockThree defaultBlock:(void ( ^ ) ( void ))defaultBlock</Declaration>
			<Parameters>
				<Parameter>
					<Name>codeBlocksKey</Name>
					<Abstract type="html">The OptimizelyCodeBlocksKey associated with this code blocks experiment</Abstract>
				</Parameter><Parameter>
					<Name>blockOne</Name>
					<Abstract type="html">Block corresponding to the first block name in the provided OptimizelyCodeBlocksKey</Abstract>
				</Parameter><Parameter>
					<Name>blockTwo</Name>
					<Abstract type="html">Block corresponding to the second block name in the provided OptimizelyCodeBlocksKey</Abstract>
				</Parameter><Parameter>
					<Name>blockThree</Name>
					<Abstract type="html">Block corresponding to the third block name in the provided OptimizelyCodeBlocksKey</Abstract>
				</Parameter><Parameter>
					<Name>defaultBlock</Name>
					<Abstract type="html">This block will be executed if no active experiment involves this code block key.</Abstract>
				</Parameter>
			</Parameters>
			
			<Anchor>//api/name/codeBlocksWithKey:blockOne:blockTwo:blockThree:defaultBlock:</Anchor>
            <NodeRef refid="1"/>
		</Token>
		
		<Token>
			<TokenIdentifier>//apple_ref/occ/clm/Optimizely/codeBlocksWithKey:blockOne:blockTwo:blockThree:blockFour:defaultBlock:</TokenIdentifier>
			<Abstract type="html">This method allows you to define a code block based experiment with four alternatives.</Abstract>
			<DeclaredIn>Optimizely.h</DeclaredIn>
			
			<Declaration>+ (void)codeBlocksWithKey:(OptimizelyCodeBlocksKey *)codeBlocksKey blockOne:(void ( ^ ) ( void ))blockOne blockTwo:(void ( ^ ) ( void ))blockTwo blockThree:(void ( ^ ) ( void ))blockThree blockFour:(void ( ^ ) ( void ))blockFour defaultBlock:(void ( ^ ) ( void ))defaultBlock</Declaration>
			<Parameters>
				<Parameter>
					<Name>codeBlocksKey</Name>
					<Abstract type="html">The OptimizelyCodeBlocksKey associated with this code blocks experiment</Abstract>
				</Parameter><Parameter>
					<Name>blockOne</Name>
					<Abstract type="html">Block corresponding to the first block name in the provided OptimizelyCodeBlocksKey</Abstract>
				</Parameter><Parameter>
					<Name>blockTwo</Name>
					<Abstract type="html">Block corresponding to the second block name in the provided OptimizelyCodeBlocksKey</Abstract>
				</Parameter><Parameter>
					<Name>blockThree</Name>
					<Abstract type="html">Block corresponding to the third block name in the provided OptimizelyCodeBlocksKey</Abstract>
				</Parameter><Parameter>
					<Name>blockFour</Name>
					<Abstract type="html">Block corresponding to the fourth block name in the provided OptimizelyCodeBlocksKey</Abstract>
				</Parameter><Parameter>
					<Name>defaultBlock</Name>
					<Abstract type="html">This block will be executed if no active experiment involves this code block key.</Abstract>
				</Parameter>
			</Parameters>
			
			<Anchor>//api/name/codeBlocksWithKey:blockOne:blockTwo:blockThree:blockFour:defaultBlock:</Anchor>
            <NodeRef refid="1"/>
		</Token>
		
		<Token>
			<TokenIdentifier>//apple_ref/occ/clm/Optimizely/registerCallbackForCodeBlockWithKey:callback:</TokenIdentifier>
			<Abstract type="html">This method registers a callback that is run when the given code block is changed.</Abstract>
			<DeclaredIn>Optimizely.h</DeclaredIn>
			
			<Declaration>+ (void)registerCallbackForCodeBlockWithKey:(OptimizelyCodeBlocksKey *)key callback:(void ( ^ ) ( ))callback</Declaration>
			<Parameters>
				<Parameter>
					<Name>key</Name>
					<Abstract type="html">The Optimizely key associated with the code block you want to watch</Abstract>
				</Parameter><Parameter>
					<Name>callback</Name>
					<Abstract type="html">The callback method that will be invoked whenever the code block is changed.</Abstract>
				</Parameter>
			</Parameters>
			
			<Anchor>//api/name/registerCallbackForCodeBlockWithKey:callback:</Anchor>
            <NodeRef refid="1"/>
		</Token>
		
		<Token>
			<TokenIdentifier>//apple_ref/occ/clm/Optimizely/ignoreUIViewSubclassesWithNames:</TokenIdentifier>
			<Abstract type="html">Stores the set of classes that Optimizely will ignore generating OptimizelyIds for.</Abstract>
			<DeclaredIn>Optimizely.h</DeclaredIn>
			
			<Declaration>+ (void)ignoreUIViewSubclassesWithNames:(NSSet *)viewSubclassesToIgnoreForTagging</Declaration>
			<Parameters>
				<Parameter>
					<Name>viewSubclassesToIgnoreForTagging</Name>
					<Abstract type="html">A set of all string class names for which Optimizely will not generate IDs.</Abstract>
				</Parameter>
			</Parameters>
			
			<Anchor>//api/name/ignoreUIViewSubclassesWithNames:</Anchor>
            <NodeRef refid="1"/>
		</Token>
		
		<Token>
			<TokenIdentifier>//apple_ref/occ/instm/Optimizely/setAllExperiments:</TokenIdentifier>
			<Abstract type="html">This returns a list of OptimizelyExperimentData objects that will encompass all experiments.</Abstract>
			<DeclaredIn>Optimizely.h</DeclaredIn>
			
			<Declaration>@property (readonly, strong, nonatomic) NSArray *allExperiments</Declaration>
			
			
			<Anchor>//api/name/allExperiments</Anchor>
            <NodeRef refid="1"/>
		</Token>
		
		<Token>
			<TokenIdentifier>//apple_ref/occ/instm/Optimizely/allExperiments</TokenIdentifier>
			<Abstract type="html">This returns a list of OptimizelyExperimentData objects that will encompass all experiments.</Abstract>
			<DeclaredIn>Optimizely.h</DeclaredIn>
			
			<Declaration>@property (readonly, strong, nonatomic) NSArray *allExperiments</Declaration>
			
			
			<Anchor>//api/name/allExperiments</Anchor>
            <NodeRef refid="1"/>
		</Token>
		
		<Token>
			<TokenIdentifier>//apple_ref/occ/instp/Optimizely/allExperiments</TokenIdentifier>
			<Abstract type="html">This returns a list of OptimizelyExperimentData objects that will encompass all experiments.</Abstract>
			<DeclaredIn>Optimizely.h</DeclaredIn>
			
			<Declaration>@property (readonly, strong, nonatomic) NSArray *allExperiments</Declaration>
			
			
			<Anchor>//api/name/allExperiments</Anchor>
            <NodeRef refid="1"/>
		</Token>
		
		<Token>
			<TokenIdentifier>//apple_ref/occ/instm/Optimizely/setVisitedExperiments:</TokenIdentifier>
			<Abstract type="html">This returns a list of OptimizelyExperimentData objects that will encompass all experiments that the user
has viewed across all sessions. To get a list of all experiments, use allExperiments.</Abstract>
			<DeclaredIn>Optimizely.h</DeclaredIn>
			
			<Declaration>@property (readonly, strong, nonatomic) NSArray *visitedExperiments</Declaration>
			
			
			<Anchor>//api/name/visitedExperiments</Anchor>
            <NodeRef refid="1"/>
		</Token>
		
		<Token>
			<TokenIdentifier>//apple_ref/occ/instm/Optimizely/visitedExperiments</TokenIdentifier>
			<Abstract type="html">This returns a list of OptimizelyExperimentData objects that will encompass all experiments that the user
has viewed across all sessions. To get a list of all experiments, use allExperiments.</Abstract>
			<DeclaredIn>Optimizely.h</DeclaredIn>
			
			<Declaration>@property (readonly, strong, nonatomic) NSArray *visitedExperiments</Declaration>
			
			
			<Anchor>//api/name/visitedExperiments</Anchor>
            <NodeRef refid="1"/>
		</Token>
		
		<Token>
			<TokenIdentifier>//apple_ref/occ/instp/Optimizely/visitedExperiments</TokenIdentifier>
			<Abstract type="html">This returns a list of OptimizelyExperimentData objects that will encompass all experiments that the user
has viewed across all sessions. To get a list of all experiments, use allExperiments.</Abstract>
			<DeclaredIn>Optimizely.h</DeclaredIn>
			
			<Declaration>@property (readonly, strong, nonatomic) NSArray *visitedExperiments</Declaration>
			
			
			<Anchor>//api/name/visitedExperiments</Anchor>
            <NodeRef refid="1"/>
		</Token>
		
		<Token>
			<TokenIdentifier>//apple_ref/occ/instm/Optimizely/setShouldNotGenerateDynamicIds:</TokenIdentifier>
			<Abstract type="html">Whether to dynamically generate optimizelyIds</Abstract>
			<DeclaredIn>Optimizely.h</DeclaredIn>
			
			<Declaration>@property (nonatomic) BOOL shouldNotGenerateDynamicIds</Declaration>
			
			
			<Anchor>//api/name/shouldNotGenerateDynamicIds</Anchor>
            <NodeRef refid="1"/>
		</Token>
		
		<Token>
			<TokenIdentifier>//apple_ref/occ/instm/Optimizely/shouldNotGenerateDynamicIds</TokenIdentifier>
			<Abstract type="html">Whether to dynamically generate optimizelyIds</Abstract>
			<DeclaredIn>Optimizely.h</DeclaredIn>
			
			<Declaration>@property (nonatomic) BOOL shouldNotGenerateDynamicIds</Declaration>
			
			
			<Anchor>//api/name/shouldNotGenerateDynamicIds</Anchor>
            <NodeRef refid="1"/>
		</Token>
		
		<Token>
			<TokenIdentifier>//apple_ref/occ/instp/Optimizely/shouldNotGenerateDynamicIds</TokenIdentifier>
			<Abstract type="html">Whether to dynamically generate optimizelyIds</Abstract>
			<DeclaredIn>Optimizely.h</DeclaredIn>
			
			<Declaration>@property (nonatomic) BOOL shouldNotGenerateDynamicIds</Declaration>
			
			
			<Anchor>//api/name/shouldNotGenerateDynamicIds</Anchor>
            <NodeRef refid="1"/>
		</Token>
		
		<Token>
			<TokenIdentifier>//apple_ref/occ/instm/Optimizely/setProjectId:</TokenIdentifier>
			<Abstract type="html">The The current Optimizely project id.</Abstract>
			<DeclaredIn>Optimizely.h</DeclaredIn>
			
			<Declaration>@property (readonly, strong) NSString *projectId</Declaration>
			
			
			<Anchor>//api/name/projectId</Anchor>
            <NodeRef refid="1"/>
		</Token>
		
		<Token>
			<TokenIdentifier>//apple_ref/occ/instm/Optimizely/projectId</TokenIdentifier>
			<Abstract type="html">The The current Optimizely project id.</Abstract>
			<DeclaredIn>Optimizely.h</DeclaredIn>
			
			<Declaration>@property (readonly, strong) NSString *projectId</Declaration>
			
			
			<Anchor>//api/name/projectId</Anchor>
            <NodeRef refid="1"/>
		</Token>
		
		<Token>
			<TokenIdentifier>//apple_ref/occ/instp/Optimizely/projectId</TokenIdentifier>
			<Abstract type="html">The The current Optimizely project id.</Abstract>
			<DeclaredIn>Optimizely.h</DeclaredIn>
			
			<Declaration>@property (readonly, strong) NSString *projectId</Declaration>
			
			
			<Anchor>//api/name/projectId</Anchor>
            <NodeRef refid="1"/>
		</Token>
		
		<Token>
			<TokenIdentifier>//apple_ref/occ/instm/Optimizely/setSdkVersion:</TokenIdentifier>
			<Abstract type="html">The current SDK version.</Abstract>
			<DeclaredIn>Optimizely.h</DeclaredIn>
			
			<Declaration>@property (readonly, strong) NSString *sdkVersion</Declaration>
			
			
			<Anchor>//api/name/sdkVersion</Anchor>
            <NodeRef refid="1"/>
		</Token>
		
		<Token>
			<TokenIdentifier>//apple_ref/occ/instm/Optimizely/sdkVersion</TokenIdentifier>
			<Abstract type="html">The current SDK version.</Abstract>
			<DeclaredIn>Optimizely.h</DeclaredIn>
			
			<Declaration>@property (readonly, strong) NSString *sdkVersion</Declaration>
			
			
			<Anchor>//api/name/sdkVersion</Anchor>
            <NodeRef refid="1"/>
		</Token>
		
		<Token>
			<TokenIdentifier>//apple_ref/occ/instp/Optimizely/sdkVersion</TokenIdentifier>
			<Abstract type="html">The current SDK version.</Abstract>
			<DeclaredIn>Optimizely.h</DeclaredIn>
			
			<Declaration>@property (readonly, strong) NSString *sdkVersion</Declaration>
			
			
			<Anchor>//api/name/sdkVersion</Anchor>
            <NodeRef refid="1"/>
		</Token>
		
		<Token>
			<TokenIdentifier>//apple_ref/occ/instm/Optimizely/setUniversalUserId:</TokenIdentifier>
			<Abstract type="html">A unique identifier that can be set. It is used to identify end users across platforms.
If a custom identifier is provided, it must be set prior to calling startOptimizelyWithAPIToken.
Setting the universalUserId to nil will clear the UUID.</Abstract>
			<DeclaredIn>Optimizely.h</DeclaredIn>
			
			<Declaration>@property (nonatomic, readwrite, strong) NSString *universalUserId</Declaration>
			
			
			<Anchor>//api/name/universalUserId</Anchor>
            <NodeRef refid="1"/>
		</Token>
		
		<Token>
			<TokenIdentifier>//apple_ref/occ/instm/Optimizely/universalUserId</TokenIdentifier>
			<Abstract type="html">A unique identifier that can be set. It is used to identify end users across platforms.
If a custom identifier is provided, it must be set prior to calling startOptimizelyWithAPIToken.
Setting the universalUserId to nil will clear the UUID.</Abstract>
			<DeclaredIn>Optimizely.h</DeclaredIn>
			
			<Declaration>@property (nonatomic, readwrite, strong) NSString *universalUserId</Declaration>
			
			
			<Anchor>//api/name/universalUserId</Anchor>
            <NodeRef refid="1"/>
		</Token>
		
		<Token>
			<TokenIdentifier>//apple_ref/occ/instp/Optimizely/universalUserId</TokenIdentifier>
			<Abstract type="html">A unique identifier that can be set. It is used to identify end users across platforms.
If a custom identifier is provided, it must be set prior to calling startOptimizelyWithAPIToken.
Setting the universalUserId to nil will clear the UUID.</Abstract>
			<DeclaredIn>Optimizely.h</DeclaredIn>
			
			<Declaration>@property (nonatomic, readwrite, strong) NSString *universalUserId</Declaration>
			
			
			<Anchor>//api/name/universalUserId</Anchor>
            <NodeRef refid="1"/>
		</Token>
		
		<Token>
			<TokenIdentifier>//apple_ref/occ/instm/Optimizely/setOptimizelyEndUserId:</TokenIdentifier>
			<Abstract type="html">This is a unique ID generated by the Optimizely SDK.
An Optimizely End User ID is assigned to each of the end users who successfully start the SDK.</Abstract>
			<DeclaredIn>Optimizely.h</DeclaredIn>
			
			<Declaration>@property (nonatomic, readonly, strong) NSString *optimizelyEndUserId</Declaration>
			
			
			<Anchor>//api/name/optimizelyEndUserId</Anchor>
            <NodeRef refid="1"/>
		</Token>
		
		<Token>
			<TokenIdentifier>//apple_ref/occ/instm/Optimizely/optimizelyEndUserId</TokenIdentifier>
			<Abstract type="html">This is a unique ID generated by the Optimizely SDK.
An Optimizely End User ID is assigned to each of the end users who successfully start the SDK.</Abstract>
			<DeclaredIn>Optimizely.h</DeclaredIn>
			
			<Declaration>@property (nonatomic, readonly, strong) NSString *optimizelyEndUserId</Declaration>
			
			
			<Anchor>//api/name/optimizelyEndUserId</Anchor>
            <NodeRef refid="1"/>
		</Token>
		
		<Token>
			<TokenIdentifier>//apple_ref/occ/instp/Optimizely/optimizelyEndUserId</TokenIdentifier>
			<Abstract type="html">This is a unique ID generated by the Optimizely SDK.
An Optimizely End User ID is assigned to each of the end users who successfully start the SDK.</Abstract>
			<DeclaredIn>Optimizely.h</DeclaredIn>
			
			<Declaration>@property (nonatomic, readonly, strong) NSString *optimizelyEndUserId</Declaration>
			
			
			<Anchor>//api/name/optimizelyEndUserId</Anchor>
            <NodeRef refid="1"/>
		</Token>
		
		<Token>
			<TokenIdentifier>//apple_ref/occ/instm/Optimizely/setVerboseLogging:</TokenIdentifier>
			<Abstract type="html">When set to true, provides verbose logging details that may be useful for debugging.</Abstract>
			<DeclaredIn>Optimizely.h</DeclaredIn>
			
			<Declaration>@property (nonatomic, readwrite) BOOL verboseLogging</Declaration>
			
			
			<Anchor>//api/name/verboseLogging</Anchor>
            <NodeRef refid="1"/>
		</Token>
		
		<Token>
			<TokenIdentifier>//apple_ref/occ/instm/Optimizely/verboseLogging</TokenIdentifier>
			<Abstract type="html">When set to true, provides verbose logging details that may be useful for debugging.</Abstract>
			<DeclaredIn>Optimizely.h</DeclaredIn>
			
			<Declaration>@property (nonatomic, readwrite) BOOL verboseLogging</Declaration>
			
			
			<Anchor>//api/name/verboseLogging</Anchor>
            <NodeRef refid="1"/>
		</Token>
		
		<Token>
			<TokenIdentifier>//apple_ref/occ/instp/Optimizely/verboseLogging</TokenIdentifier>
			<Abstract type="html">When set to true, provides verbose logging details that may be useful for debugging.</Abstract>
			<DeclaredIn>Optimizely.h</DeclaredIn>
			
			<Declaration>@property (nonatomic, readwrite) BOOL verboseLogging</Declaration>
			
			
			<Anchor>//api/name/verboseLogging</Anchor>
            <NodeRef refid="1"/>
		</Token>
		
		<Token>
			<TokenIdentifier>//apple_ref/occ/instm/Optimizely/setDispatchInterval:</TokenIdentifier>
			<Abstract type="html">The frequency (in seconds) at which events are sent to Optimizely and the experiment
data file is fetched from server. Defaults to 2 minutes.</Abstract>
			<DeclaredIn>Optimizely.h</DeclaredIn>
			
			<Declaration>@property (nonatomic, readwrite) NSTimeInterval dispatchInterval</Declaration>
			
			
			<Anchor>//api/name/dispatchInterval</Anchor>
            <NodeRef refid="1"/>
		</Token>
		
		<Token>
			<TokenIdentifier>//apple_ref/occ/instm/Optimizely/dispatchInterval</TokenIdentifier>
			<Abstract type="html">The frequency (in seconds) at which events are sent to Optimizely and the experiment
data file is fetched from server. Defaults to 2 minutes.</Abstract>
			<DeclaredIn>Optimizely.h</DeclaredIn>
			
			<Declaration>@property (nonatomic, readwrite) NSTimeInterval dispatchInterval</Declaration>
			
			
			<Anchor>//api/name/dispatchInterval</Anchor>
            <NodeRef refid="1"/>
		</Token>
		
		<Token>
			<TokenIdentifier>//apple_ref/occ/instp/Optimizely/dispatchInterval</TokenIdentifier>
			<Abstract type="html">The frequency (in seconds) at which events are sent to Optimizely and the experiment
data file is fetched from server. Defaults to 2 minutes.</Abstract>
			<DeclaredIn>Optimizely.h</DeclaredIn>
			
			<Declaration>@property (nonatomic, readwrite) NSTimeInterval dispatchInterval</Declaration>
			
			
			<Anchor>//api/name/dispatchInterval</Anchor>
            <NodeRef refid="1"/>
		</Token>
		
		<Token>
			<TokenIdentifier>//apple_ref/occ/instm/Optimizely/setNetworkTimeout:</TokenIdentifier>
			<Abstract type="html">NSTimeInterval which controls timeout for first download of
config file.</Abstract>
			<DeclaredIn>Optimizely.h</DeclaredIn>
			
			<Declaration>@property (nonatomic, readwrite) NSTimeInterval networkTimeout</Declaration>
			
			
			<Anchor>//api/name/networkTimeout</Anchor>
            <NodeRef refid="1"/>
		</Token>
		
		<Token>
			<TokenIdentifier>//apple_ref/occ/instm/Optimizely/networkTimeout</TokenIdentifier>
			<Abstract type="html">NSTimeInterval which controls timeout for first download of
config file.</Abstract>
			<DeclaredIn>Optimizely.h</DeclaredIn>
			
			<Declaration>@property (nonatomic, readwrite) NSTimeInterval networkTimeout</Declaration>
			
			
			<Anchor>//api/name/networkTimeout</Anchor>
            <NodeRef refid="1"/>
		</Token>
		
		<Token>
			<TokenIdentifier>//apple_ref/occ/instp/Optimizely/networkTimeout</TokenIdentifier>
			<Abstract type="html">NSTimeInterval which controls timeout for first download of
config file.</Abstract>
			<DeclaredIn>Optimizely.h</DeclaredIn>
			
			<Declaration>@property (nonatomic, readwrite) NSTimeInterval networkTimeout</Declaration>
			
			
			<Anchor>//api/name/networkTimeout</Anchor>
            <NodeRef refid="1"/>
		</Token>
		
		<Token>
			<TokenIdentifier>//apple_ref/occ/instm/Optimizely/setShouldReloadExperimentsOnForegrounding:</TokenIdentifier>
			<Abstract type="html">Indicates whether experiments should be reloaded on foregrounding.  Defaults to true.</Abstract>
			<DeclaredIn>Optimizely.h</DeclaredIn>
			
			<Declaration>@property (nonatomic, readwrite) BOOL shouldReloadExperimentsOnForegrounding</Declaration>
			
			
			<Anchor>//api/name/shouldReloadExperimentsOnForegrounding</Anchor>
            <NodeRef refid="1"/>
		</Token>
		
		<Token>
			<TokenIdentifier>//apple_ref/occ/instm/Optimizely/shouldReloadExperimentsOnForegrounding</TokenIdentifier>
			<Abstract type="html">Indicates whether experiments should be reloaded on foregrounding.  Defaults to true.</Abstract>
			<DeclaredIn>Optimizely.h</DeclaredIn>
			
			<Declaration>@property (nonatomic, readwrite) BOOL shouldReloadExperimentsOnForegrounding</Declaration>
			
			
			<Anchor>//api/name/shouldReloadExperimentsOnForegrounding</Anchor>
            <NodeRef refid="1"/>
		</Token>
		
		<Token>
			<TokenIdentifier>//apple_ref/occ/instp/Optimizely/shouldReloadExperimentsOnForegrounding</TokenIdentifier>
			<Abstract type="html">Indicates whether experiments should be reloaded on foregrounding.  Defaults to true.</Abstract>
			<DeclaredIn>Optimizely.h</DeclaredIn>
			
			<Declaration>@property (nonatomic, readwrite) BOOL shouldReloadExperimentsOnForegrounding</Declaration>
			
			
			<Anchor>//api/name/shouldReloadExperimentsOnForegrounding</Anchor>
            <NodeRef refid="1"/>
		</Token>
		
		<Token>
			<TokenIdentifier>//apple_ref/occ/instm/Optimizely/setDisableGesture:</TokenIdentifier>
			<Abstract type="html">BOOL indicating whether or not you want to disable the Optimizely Gesture.</Abstract>
			<DeclaredIn>Optimizely.h</DeclaredIn>
			
			<Declaration>@property (nonatomic, readwrite) BOOL disableGesture</Declaration>
			
			
			<Anchor>//api/name/disableGesture</Anchor>
            <NodeRef refid="1"/>
		</Token>
		
		<Token>
			<TokenIdentifier>//apple_ref/occ/instm/Optimizely/disableGesture</TokenIdentifier>
			<Abstract type="html">BOOL indicating whether or not you want to disable the Optimizely Gesture.</Abstract>
			<DeclaredIn>Optimizely.h</DeclaredIn>
			
			<Declaration>@property (nonatomic, readwrite) BOOL disableGesture</Declaration>
			
			
			<Anchor>//api/name/disableGesture</Anchor>
            <NodeRef refid="1"/>
		</Token>
		
		<Token>
			<TokenIdentifier>//apple_ref/occ/instp/Optimizely/disableGesture</TokenIdentifier>
			<Abstract type="html">BOOL indicating whether or not you want to disable the Optimizely Gesture.</Abstract>
			<DeclaredIn>Optimizely.h</DeclaredIn>
			
			<Declaration>@property (nonatomic, readwrite) BOOL disableGesture</Declaration>
			
			
			<Anchor>//api/name/disableGesture</Anchor>
            <NodeRef refid="1"/>
		</Token>
		
		<Token>
			<TokenIdentifier>//apple_ref/occ/instm/Optimizely/setStartingState:</TokenIdentifier>
			<Abstract type="html">This returns the initialization state of the Optimizely singleton.</Abstract>
			<DeclaredIn>Optimizely.h</DeclaredIn>
			
			<Declaration>@property (nonatomic, readonly) OptimizelyInitializationState startingState</Declaration>
			
			
			<Anchor>//api/name/startingState</Anchor>
            <NodeRef refid="1"/>
		</Token>
		
		<Token>
			<TokenIdentifier>//apple_ref/occ/instm/Optimizely/startingState</TokenIdentifier>
			<Abstract type="html">This returns the initialization state of the Optimizely singleton.</Abstract>
			<DeclaredIn>Optimizely.h</DeclaredIn>
			
			<Declaration>@property (nonatomic, readonly) OptimizelyInitializationState startingState</Declaration>
			
			
			<Anchor>//api/name/startingState</Anchor>
            <NodeRef refid="1"/>
		</Token>
		
		<Token>
			<TokenIdentifier>//apple_ref/occ/instp/Optimizely/startingState</TokenIdentifier>
			<Abstract type="html">This returns the initialization state of the Optimizely singleton.</Abstract>
			<DeclaredIn>Optimizely.h</DeclaredIn>
			
			<Declaration>@property (nonatomic, readonly) OptimizelyInitializationState startingState</Declaration>
			
			
			<Anchor>//api/name/startingState</Anchor>
            <NodeRef refid="1"/>
		</Token>
		
		<Token>
			<TokenIdentifier>//apple_ref/occ/instm/Optimizely/setMode:</TokenIdentifier>
			<Abstract type="html">Returns the running mode of Optimizely.
The default value is OptimizelyRunningModeNormal.</Abstract>
			<DeclaredIn>Optimizely.h</DeclaredIn>
			
			<Declaration>@property (nonatomic, readonly) OptimizelyRunningMode mode</Declaration>
			
			
			<Anchor>//api/name/mode</Anchor>
            <NodeRef refid="1"/>
		</Token>
		
		<Token>
			<TokenIdentifier>//apple_ref/occ/instm/Optimizely/mode</TokenIdentifier>
			<Abstract type="html">Returns the running mode of Optimizely.
The default value is OptimizelyRunningModeNormal.</Abstract>
			<DeclaredIn>Optimizely.h</DeclaredIn>
			
			<Declaration>@property (nonatomic, readonly) OptimizelyRunningMode mode</Declaration>
			
			
			<Anchor>//api/name/mode</Anchor>
            <NodeRef refid="1"/>
		</Token>
		
		<Token>
			<TokenIdentifier>//apple_ref/occ/instp/Optimizely/mode</TokenIdentifier>
			<Abstract type="html">Returns the running mode of Optimizely.
The default value is OptimizelyRunningModeNormal.</Abstract>
			<DeclaredIn>Optimizely.h</DeclaredIn>
			
			<Declaration>@property (nonatomic, readonly) OptimizelyRunningMode mode</Declaration>
			
			
			<Anchor>//api/name/mode</Anchor>
            <NodeRef refid="1"/>
		</Token>
		
		<Token>
			<TokenIdentifier>//apple_ref/occ/clm/Optimizely/registerPlugin:</TokenIdentifier>
			<Abstract type="html">Registers the given plugin. This function should be called by the end user if the
plugin that they wish to use does not implement auto-registry, or if your project is
written in Swift (which lacks macro support). Plugin maintainers
should prefer using the OptimizelyRegisterPlugin macro from OptimizelyPlugin.h</Abstract>
			<DeclaredIn>Optimizely.h</DeclaredIn>
			
			<Declaration>+ (void)registerPlugin:(id&lt;OptimizelyPlugin&gt;)plugin</Declaration>
			<Parameters>
				<Parameter>
					<Name>plugin</Name>
					<Abstract type="html">the plugin instance to register. Only one plugin instance should be created.</Abstract>
				</Parameter>
			</Parameters>
			
			<Anchor>//api/name/registerPlugin:</Anchor>
            <NodeRef refid="1"/>
		</Token>
		
		<Token>
			<TokenIdentifier>//apple_ref/occ/clm/Optimizely/getDimensions</TokenIdentifier>
			<Abstract type="html">@deprecated. Use getAttributes.</Abstract>
			<DeclaredIn>Optimizely.h</DeclaredIn>
			
			<Declaration>+ (NSArray *)getDimensions</Declaration>
			
			
			<Anchor>//api/name/getDimensions</Anchor>
            <NodeRef refid="1"/>
		</Token>
		
		<Token>
			<TokenIdentifier>//apple_ref/occ/instm/Optimizely/trackEvent:</TokenIdentifier>
			<Abstract type="html">  @deprecated.  Use +trackEvent:.</Abstract>
			<DeclaredIn>Optimizely.h</DeclaredIn>
			
	<RelatedTokens>
		<TokenIdentifier>//apple_ref/occ/clm/Optimizely/dispatch</TokenIdentifier>
		
	</RelatedTokens>
	
			<Declaration>- (void)trackEvent:(NSString *)description</Declaration>
			<Parameters>
				<Parameter>
					<Name>description</Name>
					<Abstract type="html">The string uniquely identifying the custom goal you want to track</Abstract>
				</Parameter>
			</Parameters>
			
			<Anchor>//api/name/trackEvent:</Anchor>
            <NodeRef refid="1"/>
		</Token>
		
		<Token>
			<TokenIdentifier>//apple_ref/occ/clm/Optimizely/trackRevenue:</TokenIdentifier>
			<Abstract type="html">  @deprecated. Use +trackRevenue: withDescription:.</Abstract>
			<DeclaredIn>Optimizely.h</DeclaredIn>
			
	<RelatedTokens>
		<TokenIdentifier>//apple_ref/occ/clm/Optimizely/dispatch</TokenIdentifier>
		
	</RelatedTokens>
	
			<Declaration>+ (void)trackRevenue:(int)revenueAmount</Declaration>
			<Parameters>
				<Parameter>
					<Name>revenueAmount</Name>
					<Abstract type="html">The revenue amount in cents associated with the event</Abstract>
				</Parameter>
			</Parameters>
			
			<Anchor>//api/name/trackRevenue:</Anchor>
            <NodeRef refid="1"/>
		</Token>
		
		<Token>
			<TokenIdentifier>//apple_ref/occ/instm/Optimizely/stringForKey:defaultValue:</TokenIdentifier>
			<Abstract type="html">  @deprecated.  Use stringForKey:.</Abstract>
			<DeclaredIn>Optimizely.h</DeclaredIn>
			
			<Declaration>- (NSString *)stringForKey:(NSString *)key defaultValue:(NSString *)defaultValue</Declaration>
			<Parameters>
				<Parameter>
					<Name>key</Name>
					<Abstract type="html">A key uniquely defining the variable</Abstract>
				</Parameter><Parameter>
					<Name>defaultValue</Name>
					<Abstract type="html">The value this variable should take on in the absence of an
experimental change</Abstract>
				</Parameter>
			</Parameters>
			<ReturnValue><Abstract type="html">The value of this variable in the active experiment (default if no active experiment)</Abstract></ReturnValue>
			<Anchor>//api/name/stringForKey:defaultValue:</Anchor>
            <NodeRef refid="1"/>
		</Token>
		
		<Token>
			<TokenIdentifier>//apple_ref/occ/instm/Optimizely/colorForKey:defaultValue:</TokenIdentifier>
			<Abstract type="html">  @deprecated.  Use colorForKey:.</Abstract>
			<DeclaredIn>Optimizely.h</DeclaredIn>
			
			<Declaration>- (UIColor *)colorForKey:(NSString *)key defaultValue:(UIColor *)defaultValue</Declaration>
			<Parameters>
				<Parameter>
					<Name>key</Name>
					<Abstract type="html">A key uniquely defining the variable</Abstract>
				</Parameter><Parameter>
					<Name>defaultValue</Name>
					<Abstract type="html">The value this variable should take on in the absence of an
experimental change</Abstract>
				</Parameter>
			</Parameters>
			<ReturnValue><Abstract type="html">The value of this variable in the active experiment (default if no active experiment)</Abstract></ReturnValue>
			<Anchor>//api/name/colorForKey:defaultValue:</Anchor>
            <NodeRef refid="1"/>
		</Token>
		
		<Token>
			<TokenIdentifier>//apple_ref/occ/instm/Optimizely/numberForKey:defaultValue:</TokenIdentifier>
			<Abstract type="html">  @deprecated.  Use numberForKey:.</Abstract>
			<DeclaredIn>Optimizely.h</DeclaredIn>
			
			<Declaration>- (NSNumber *)numberForKey:(NSString *)key defaultValue:(NSNumber *)defaultValue</Declaration>
			<Parameters>
				<Parameter>
					<Name>key</Name>
					<Abstract type="html">A key uniquely defining the variable</Abstract>
				</Parameter><Parameter>
					<Name>defaultValue</Name>
					<Abstract type="html">The value this variable should take on in the absence of an
experimental change</Abstract>
				</Parameter>
			</Parameters>
			<ReturnValue><Abstract type="html">The value of this variable in the active experiment (default if no active experiment)</Abstract></ReturnValue>
			<Anchor>//api/name/numberForKey:defaultValue:</Anchor>
            <NodeRef refid="1"/>
		</Token>
		
		<Token>
			<TokenIdentifier>//apple_ref/occ/instm/Optimizely/pointForKey:defaultValue:</TokenIdentifier>
			<Abstract type="html">  @deprecated.  Use pointForKey:.</Abstract>
			<DeclaredIn>Optimizely.h</DeclaredIn>
			
			<Declaration>- (CGPoint)pointForKey:(NSString *)key defaultValue:(CGPoint)defaultValue</Declaration>
			<Parameters>
				<Parameter>
					<Name>key</Name>
					<Abstract type="html">A key uniquely defining the variable</Abstract>
				</Parameter><Parameter>
					<Name>defaultValue</Name>
					<Abstract type="html">The value this variable should take on in the absence of an
experimental change</Abstract>
				</Parameter>
			</Parameters>
			<ReturnValue><Abstract type="html">The value of this variable in the active experiment (default if no active experiment)</Abstract></ReturnValue>
			<Anchor>//api/name/pointForKey:defaultValue:</Anchor>
            <NodeRef refid="1"/>
		</Token>
		
		<Token>
			<TokenIdentifier>//apple_ref/occ/instm/Optimizely/sizeForKey:defaultValue:</TokenIdentifier>
			<Abstract type="html">  @deprecated.  Use sizeForKey:.</Abstract>
			<DeclaredIn>Optimizely.h</DeclaredIn>
			
			<Declaration>- (CGSize)sizeForKey:(NSString *)key defaultValue:(CGSize)defaultValue</Declaration>
			<Parameters>
				<Parameter>
					<Name>key</Name>
					<Abstract type="html">A key uniquely defining the variable</Abstract>
				</Parameter><Parameter>
					<Name>defaultValue</Name>
					<Abstract type="html">The value this variable should take on in the absence of an
experimental change</Abstract>
				</Parameter>
			</Parameters>
			<ReturnValue><Abstract type="html">The value of this variable in the active experiment (default if no active experiment)</Abstract></ReturnValue>
			<Anchor>//api/name/sizeForKey:defaultValue:</Anchor>
            <NodeRef refid="1"/>
		</Token>
		
		<Token>
			<TokenIdentifier>//apple_ref/occ/instm/Optimizely/rectForKey:defaultValue:</TokenIdentifier>
			<Abstract type="html">  @deprecated.  Use rectForKey:.</Abstract>
			<DeclaredIn>Optimizely.h</DeclaredIn>
			
			<Declaration>- (CGRect)rectForKey:(NSString *)key defaultValue:(CGRect)defaultValue</Declaration>
			<Parameters>
				<Parameter>
					<Name>key</Name>
					<Abstract type="html">A key uniquely defining the variable</Abstract>
				</Parameter><Parameter>
					<Name>defaultValue</Name>
					<Abstract type="html">The value this variable should take on in the absence of an
experimental change</Abstract>
				</Parameter>
			</Parameters>
			<ReturnValue><Abstract type="html">The value of this variable in the active experiment (default if no active experiment)</Abstract></ReturnValue>
			<Anchor>//api/name/rectForKey:defaultValue:</Anchor>
            <NodeRef refid="1"/>
		</Token>
		
		<Token>
			<TokenIdentifier>//apple_ref/occ/instm/Optimizely/boolForKey:defaultValue:</TokenIdentifier>
			<Abstract type="html">  @deprecated.  Use boolForKey:.</Abstract>
			<DeclaredIn>Optimizely.h</DeclaredIn>
			
			<Declaration>- (BOOL)boolForKey:(NSString *)key defaultValue:(BOOL)defaultValue</Declaration>
			<Parameters>
				<Parameter>
					<Name>key</Name>
					<Abstract type="html">A key uniquely defining the variable</Abstract>
				</Parameter><Parameter>
					<Name>defaultValue</Name>
					<Abstract type="html">The value this variable should take on in the absence of an
experimental change</Abstract>
				</Parameter>
			</Parameters>
			<ReturnValue><Abstract type="html">The value of this variable in the active experiment (default if no active experiment)</Abstract></ReturnValue>
			<Anchor>//api/name/boolForKey:defaultValue:</Anchor>
            <NodeRef refid="1"/>
		</Token>
		
		<Token>
			<TokenIdentifier>//apple_ref/occ/instm/Optimizely/codeTest:withBlocks:defaultBlock:</TokenIdentifier>
			<Abstract type="html">  @deprecated.  Use +codeBlocksWithKey: blockOne:....</Abstract>
			<DeclaredIn>Optimizely.h</DeclaredIn>
			
			<Declaration>- (void)codeTest:(NSString *)codeTestKey withBlocks:(NSDictionary *)blocks defaultBlock:(void ( ^ ) ( void ))defaultBlock</Declaration>
			<Parameters>
				<Parameter>
					<Name>codeTestKey</Name>
					<Abstract type="html">A unique key that describes this test</Abstract>
				</Parameter><Parameter>
					<Name>blocks</Name>
					<Abstract type="html">A dictionary that maps descriptive NSString keys to (void (^)(void)) blocks for each
variation of this test.</Abstract>
				</Parameter><Parameter>
					<Name>defaultBlock</Name>
					<Abstract type="html">This block will be executed if no active experiment involves this code test.</Abstract>
				</Parameter>
			</Parameters>
			
			<Anchor>//api/name/codeTest:withBlocks:defaultBlock:</Anchor>
            <NodeRef refid="1"/>
		</Token>
		
		<Token>
			<TokenIdentifier>//apple_ref/occ/instm/Optimizely/set:</TokenIdentifier>
			<Abstract type="html">  @deprecated.  Use allExperiments or visitedExperiments.</Abstract>
			<DeclaredIn>Optimizely.h</DeclaredIn>
			
			<Declaration>@property (readonly, strong, nonatomic) NSArray *__attribute ( ( deprecated ( &quot;Use allExperiments or visitedExperiments&quot; )</Declaration>
			
			
			<Anchor>//api/name/)</Anchor>
            <NodeRef refid="1"/>
		</Token>
		
		<Token>
			<TokenIdentifier>//apple_ref/occ/instm/Optimizely/)</TokenIdentifier>
			<Abstract type="html">  @deprecated.  Use allExperiments or visitedExperiments.</Abstract>
			<DeclaredIn>Optimizely.h</DeclaredIn>
			
			<Declaration>@property (readonly, strong, nonatomic) NSArray *__attribute ( ( deprecated ( &quot;Use allExperiments or visitedExperiments&quot; )</Declaration>
			
			
			<Anchor>//api/name/)</Anchor>
            <NodeRef refid="1"/>
		</Token>
		
		<Token>
			<TokenIdentifier>//apple_ref/occ/instp/Optimizely/)</TokenIdentifier>
			<Abstract type="html">  @deprecated.  Use allExperiments or visitedExperiments.</Abstract>
			<DeclaredIn>Optimizely.h</DeclaredIn>
			
			<Declaration>@property (readonly, strong, nonatomic) NSArray *__attribute ( ( deprecated ( &quot;Use allExperiments or visitedExperiments&quot; )</Declaration>
			
			
			<Anchor>//api/name/)</Anchor>
            <NodeRef refid="1"/>
		</Token>
		
        
        
	</File>
</Tokens>